,models,params,mean_fit_time,mean_test_accuracy,mean_test_f1_macro,mean_test_geometric_mean_macro
185,DimReduct|RFC,"{'DimReduct__n_features': 186, 'RFC__random_state': 2357136044}",2909.8618683338163,0.6789134126432119,0.5816171432182411,0.7154623517189711
189,DimReduct|RFC,"{'DimReduct__n_features': 190, 'RFC__random_state': 2357136044}",234.43292617797852,0.678041295995895,0.5817705383912622,0.7149029420067092
190,DimReduct|RFC,"{'DimReduct__n_features': 191, 'RFC__random_state': 2357136044}",233.7713483810425,0.6780111258097927,0.5830413157296807,0.7160619012670799
201,DimReduct|RFC,"{'DimReduct__n_features': 202, 'RFC__random_state': 2357136044}",254.03406476974487,0.6779912254396938,0.5820195889024908,0.7152924929029374
183,DimReduct|RFC,"{'DimReduct__n_features': 184, 'RFC__random_state': 2357136044}",234.9791422367096,0.6779911189062846,0.581002689346185,0.7139675502363199
182,DimReduct|RFC,"{'DimReduct__n_features': 183, 'RFC__random_state': 2357136044}",234.7938425540924,0.6777805940914503,0.5805287943705661,0.7142250255030596
174,DimReduct|RFC,"{'DimReduct__n_features': 175, 'RFC__random_state': 2357136044}",234.98403105735778,0.6777005895432832,0.5823266911156599,0.7149861855582322
173,DimReduct|RFC,"{'DimReduct__n_features': 174, 'RFC__random_state': 2357136044}",243.16491475105286,0.67765030697223,0.5795767954974449,0.7136631395740594
188,DimReduct|RFC,"{'DimReduct__n_features': 189, 'RFC__random_state': 2357136044}",233.72087016105652,0.677630173436345,0.5777102880533383,0.7127440227435934
192,DimReduct|RFC,"{'DimReduct__n_features': 193, 'RFC__random_state': 2357136044}",235.74878249168395,0.6776001379608502,0.580575340134314,0.7149533725687036
179,DimReduct|RFC,"{'DimReduct__n_features': 180, 'RFC__random_state': 2357136044}",240.44043636322021,0.6774499001927821,0.5810339560240019,0.7146011124375068
178,DimReduct|RFC,"{'DimReduct__n_features': 179, 'RFC__random_state': 2357136044}",235.7968138217926,0.6774497735720917,0.5805925303704295,0.7147729895736008
288,DimReduct|RFC,"{'DimReduct__n_features': 289, 'RFC__random_state': 2357136044}",296.7814871788025,0.6773895649178027,0.5806666368307319,0.7153506557162308
181,DimReduct|RFC,"{'DimReduct__n_features': 182, 'RFC__random_state': 2357136044}",241.445374917984,0.6773696012184195,0.5778229210921328,0.7133189498283641
195,DimReduct|RFC,"{'DimReduct__n_features': 196, 'RFC__random_state': 2357136044}",252.58038506507873,0.6773192703774488,0.5825059342129429,0.7156950647006103
175,DimReduct|RFC,"{'DimReduct__n_features': 176, 'RFC__random_state': 2357136044}",238.46957259178163,0.6773094226856803,0.5786513751884049,0.7134223411975932
199,DimReduct|RFC,"{'DimReduct__n_features': 200, 'RFC__random_state': 2357136044}",254.23709716796876,0.6773093694174667,0.580437226651271,0.714622294012674
272,DimReduct|RFC,"{'DimReduct__n_features': 273, 'RFC__random_state': 2357136044}",319.5320547103882,0.6771492116138045,0.5823654479176351,0.7157523239399624
200,DimReduct|RFC,"{'DimReduct__n_features': 201, 'RFC__random_state': 2357136044}",254.64087662696838,0.677098974260941,0.5810748442471035,0.7152469780618177
204,DimReduct|RFC,"{'DimReduct__n_features': 205, 'RFC__random_state': 2357136044}",255.31868333816527,0.6770790848843969,0.5819621378832383,0.715160725843589
198,DimReduct|RFC,"{'DimReduct__n_features': 199, 'RFC__random_state': 2357136044}",255.21050930023193,0.6770187586781616,0.5793255441052444,0.7135109592534687
255,DimReduct|RFC,"{'DimReduct__n_features': 256, 'RFC__random_state': 2357136044}",292.873562002182,0.6770187265284378,0.5812663826311589,0.7154956158624002
302,DimReduct|RFC,"{'DimReduct__n_features': 303, 'RFC__random_state': 2357136044}",255.85379114151002,0.6769686690362715,0.5836026122017893,0.7163810521291903
177,DimReduct|RFC,"{'DimReduct__n_features': 178, 'RFC__random_state': 2357136044}",241.35964593887329,0.6769484329977361,0.5818875799268194,0.7155013294387882
203,DimReduct|RFC,"{'DimReduct__n_features': 204, 'RFC__random_state': 2357136044}",255.00294823646544,0.6769185673252919,0.5812221662969795,0.7148079130349846
270,DimReduct|RFC,"{'DimReduct__n_features': 271, 'RFC__random_state': 2357136044}",1609.4267838954925,0.6768483331229384,0.5828658300419902,0.7160865310619984
180,DimReduct|RFC,"{'DimReduct__n_features': 181, 'RFC__random_state': 2357136044}",235.41210618019105,0.6768383276472436,0.5796841728019819,0.7137963187821939
193,DimReduct|RFC,"{'DimReduct__n_features': 194, 'RFC__random_state': 2357136044}",235.02116775512695,0.6767982977216409,0.5773648144897423,0.7125554144796473
277,DimReduct|RFC,"{'DimReduct__n_features': 278, 'RFC__random_state': 2357136044}",252.54882826805115,0.6767781621948632,0.5823431345508469,0.7158151578672073
194,DimReduct|RFC,"{'DimReduct__n_features': 195, 'RFC__random_state': 2357136044}",234.3668155670166,0.6767380619304322,0.580017549913227,0.7148722327218305
262,DimReduct|RFC,"{'DimReduct__n_features': 263, 'RFC__random_state': 2357136044}",295.45107145309447,0.6767380086845832,0.5823861293173037,0.7150970239734152
267,DimReduct|RFC,"{'DimReduct__n_features': 268, 'RFC__random_state': 2357136044}",294.49486689567567,0.676718036951091,0.5806955440221412,0.7146943339295367
186,DimReduct|RFC,"{'DimReduct__n_features': 187, 'RFC__random_state': 2357136044}",235.7385612010956,0.6766578584270184,0.578803816536464,0.7135542262689204
271,DimReduct|RFC,"{'DimReduct__n_features': 272, 'RFC__random_state': 2357136044}",313.7248203754425,0.676647845919012,0.5808347609936494,0.7153596484242658
273,DimReduct|RFC,"{'DimReduct__n_features': 274, 'RFC__random_state': 2357136044}",310.09937620162964,0.6766175591988821,0.5806482226943369,0.7146321934182793
264,DimReduct|RFC,"{'DimReduct__n_features': 265, 'RFC__random_state': 2357136044}",296.88700380325315,0.676567719806885,0.579857638814604,0.714451466909637
236,DimReduct|RFC,"{'DimReduct__n_features': 237, 'RFC__random_state': 2357136044}",289.21563839912415,0.6765677077442397,0.5802755244618877,0.7145971413347986
191,DimReduct|RFC,"{'DimReduct__n_features': 192, 'RFC__random_state': 2357136044}",238.44067220687867,0.6765576439611332,0.5793260573144858,0.7137737284303797
269,DimReduct|RFC,"{'DimReduct__n_features': 270, 'RFC__random_state': 2357136044}",297.6970376014709,0.676557621871873,0.5819208490189517,0.7152149250498153
289,DimReduct|RFC,"{'DimReduct__n_features': 290, 'RFC__random_state': 2357136044}",306.92802677154543,0.6764874439044348,0.5800098578671251,0.7142768627228646
279,DimReduct|RFC,"{'DimReduct__n_features': 280, 'RFC__random_state': 2357136044}",337.2624179840088,0.6764873795918942,0.5840713764582747,0.7165514781189115
224,DimReduct|RFC,"{'DimReduct__n_features': 225, 'RFC__random_state': 2357136044}",273.5361909866333,0.6764474793348796,0.5802628646423516,0.7141002135735643
202,DimReduct|RFC,"{'DimReduct__n_features': 203, 'RFC__random_state': 2357136044}",255.42010207176207,0.6764373221247092,0.5781933814976273,0.7131813320294161
210,DimReduct|RFC,"{'DimReduct__n_features': 211, 'RFC__random_state': 2357136044}",258.619034576416,0.6764272975643383,0.5766480097239677,0.7115929270483949
301,DimReduct|RFC,"{'DimReduct__n_features': 302, 'RFC__random_state': 2357136044}",257.7027741909027,0.6764272473035239,0.5810021828325891,0.7152114290163331
196,DimReduct|RFC,"{'DimReduct__n_features': 197, 'RFC__random_state': 2357136044}",252.45597777366638,0.6764073499206733,0.5821594866664762,0.715568466138321
158,DimReduct|RFC,"{'DimReduct__n_features': 159, 'RFC__random_state': 2357136044}",206.77991199493408,0.6763972339247386,0.5798995124623585,0.7138054879027453
105,DimReduct|RFC,"{'DimReduct__n_features': 106, 'RFC__random_state': 2357136044}",150.69619636535646,0.6763971967583835,0.5799179841898162,0.7143262863321235
150,DimReduct|RFC,"{'DimReduct__n_features': 151, 'RFC__random_state': 2357136044}",206.60791625976563,0.676357115582063,0.5801974053465615,0.7137997581779615
170,DimReduct|RFC,"{'DimReduct__n_features': 171, 'RFC__random_state': 2357136044}",234.7183159828186,0.6763470930099633,0.5785951035637846,0.7124670611701812
234,DimReduct|RFC,"{'DimReduct__n_features': 235, 'RFC__random_state': 2357136044}",276.6023643016815,0.6763169138264467,0.5788874595941637,0.7132410849391423
238,DimReduct|RFC,"{'DimReduct__n_features': 239, 'RFC__random_state': 2357136044}",279.9168077945709,0.6762968164861525,0.5787185449651311,0.712986345252814
237,DimReduct|RFC,"{'DimReduct__n_features': 238, 'RFC__random_state': 2357136044}",284.19780297279357,0.676276995458945,0.5790028413082997,0.7135851564319855
245,DimReduct|RFC,"{'DimReduct__n_features': 246, 'RFC__random_state': 2357136044}",274.36805109977723,0.6762768427226753,0.5802382459203137,0.714806876940426
240,DimReduct|RFC,"{'DimReduct__n_features': 241, 'RFC__random_state': 2357136044}",273.94221777915953,0.6762670151314883,0.5777041168894852,0.7129492525617176
274,DimReduct|RFC,"{'DimReduct__n_features': 275, 'RFC__random_state': 2357136044}",269.1805262565613,0.6762669749299282,0.5795978647115055,0.7147102202089534
209,DimReduct|RFC,"{'DimReduct__n_features': 210, 'RFC__random_state': 2357136044}",258.686449432373,0.6762468333476498,0.5788402018896164,0.7135243833856305
154,DimReduct|RFC,"{'DimReduct__n_features': 155, 'RFC__random_state': 2357136044}",205.24288506507872,0.6762268525631464,0.5800891500125435,0.7142685075445664
139,DimReduct|RFC,"{'DimReduct__n_features': 140, 'RFC__random_state': 2357136044}",198.35020618438722,0.6762167636906329,0.5766943221356114,0.7117075944042617
304,DimReduct|RFC,"{'DimReduct__n_features': 305, 'RFC__random_state': 2357136044}",257.1088065624237,0.6762166782948573,0.5816545521885821,0.7153676006946251
247,DimReduct|RFC,"{'DimReduct__n_features': 248, 'RFC__random_state': 2357136044}",280.46876578330995,0.6762166240051009,0.5796819419887977,0.7139436410694953
187,DimReduct|RFC,"{'DimReduct__n_features': 188, 'RFC__random_state': 2357136044}",234.88919658660888,0.6761967979860439,0.5791211631323181,0.7135155245679632
251,DimReduct|RFC,"{'DimReduct__n_features': 252, 'RFC__random_state': 2357136044}",278.1344239234924,0.676196719609081,0.5802826679399471,0.7141448380263784
235,DimReduct|RFC,"{'DimReduct__n_features': 236, 'RFC__random_state': 2357136044}",281.16045598983766,0.6761767518728968,0.5797648357461016,0.7144526738309864
143,DimReduct|RFC,"{'DimReduct__n_features': 144, 'RFC__random_state': 2357136044}",214.3096664905548,0.6761666720546231,0.5796482471572985,0.7139005147405195
315,DimReduct|RFC,"{'DimReduct__n_features': 316, 'RFC__random_state': 2357136044}",257.56147451400756,0.6761467143867621,0.5806071177053028,0.7144047608971228
167,DimReduct|RFC,"{'DimReduct__n_features': 168, 'RFC__random_state': 2357136044}",221.23202500343322,0.6761366234929268,0.5766185859730749,0.7119678966772083
260,DimReduct|RFC,"{'DimReduct__n_features': 261, 'RFC__random_state': 2357136044}",294.13545541763307,0.6761265175294511,0.5789931650017086,0.7140507843029835
253,DimReduct|RFC,"{'DimReduct__n_features': 254, 'RFC__random_state': 2357136044}",276.98827743530273,0.6761263607590055,0.5799143122285557,0.7140088657874486
287,DimReduct|RFC,"{'DimReduct__n_features': 288, 'RFC__random_state': 2357136044}",258.65024361610415,0.6760964539025499,0.5779802250419198,0.7128711206990044
265,DimReduct|RFC,"{'DimReduct__n_features': 266, 'RFC__random_state': 2357136044}",297.9149216651916,0.676096396609221,0.5814214851472914,0.7155380871992495
197,DimReduct|RFC,"{'DimReduct__n_features': 198, 'RFC__random_state': 2357136044}",254.46950182914733,0.6760862796048426,0.5810543708383726,0.7147393084415414
293,DimReduct|RFC,"{'DimReduct__n_features': 294, 'RFC__random_state': 2357136044}",263.64139161109927,0.6760763183606575,0.583676388983007,0.7164693159611437
215,DimReduct|RFC,"{'DimReduct__n_features': 216, 'RFC__random_state': 2357136044}",253.6643804550171,0.6760663169012109,0.5778129051589104,0.7122293736934807
249,DimReduct|RFC,"{'DimReduct__n_features': 250, 'RFC__random_state': 2357136044}",277.3486660003662,0.6760463743108467,0.5790942024990546,0.7137007153488586
205,DimReduct|RFC,"{'DimReduct__n_features': 206, 'RFC__random_state': 2357136044}",255.3912368297577,0.6760363899500172,0.5788006061019477,0.713648441767846
152,DimReduct|RFC,"{'DimReduct__n_features': 153, 'RFC__random_state': 2357136044}",206.78489661216736,0.6760363698325151,0.5775675819851707,0.7130285971309492
220,DimReduct|RFC,"{'DimReduct__n_features': 221, 'RFC__random_state': 2357136044}",257.50497393608094,0.6760363165771966,0.5802710465481923,0.7144853349051107
225,DimReduct|RFC,"{'DimReduct__n_features': 226, 'RFC__random_state': 2357136044}",278.35832648277284,0.6760263352251772,0.5777249711929929,0.7123867956700243
268,DimReduct|RFC,"{'DimReduct__n_features': 269, 'RFC__random_state': 2357136044}",292.3110437870026,0.6759963539941025,0.5797977804582638,0.7140694154646687
290,DimReduct|RFC,"{'DimReduct__n_features': 291, 'RFC__random_state': 2357136044}",271.2459858894348,0.6759861827301942,0.5803987608188101,0.7142852747680631
208,DimReduct|RFC,"{'DimReduct__n_features': 209, 'RFC__random_state': 2357136044}",256.3779577732086,0.6759762496186756,0.5812518934248598,0.7145239441371578
169,DimReduct|RFC,"{'DimReduct__n_features': 170, 'RFC__random_state': 2357136044}",234.59422583580016,0.6759761983457903,0.579534635884736,0.71411226228922
250,DimReduct|RFC,"{'DimReduct__n_features': 251, 'RFC__random_state': 2357136044}",276.93566970825196,0.6759661818388647,0.5794383484403489,0.7141028917702229
228,DimReduct|RFC,"{'DimReduct__n_features': 229, 'RFC__random_state': 2357136044}",280.11792931556704,0.6759561894485633,0.5786864713203377,0.713843036535627
254,DimReduct|RFC,"{'DimReduct__n_features': 255, 'RFC__random_state': 2357136044}",276.3387167930603,0.6759362659372398,0.5820630461494627,0.7160344951244294
310,DimReduct|RFC,"{'DimReduct__n_features': 311, 'RFC__random_state': 2357136044}",259.34666328430177,0.6759360458818335,0.5800037259212373,0.7135994019700471
244,DimReduct|RFC,"{'DimReduct__n_features': 245, 'RFC__random_state': 2357136044}",275.72742557525635,0.6759360317873931,0.5786536128735953,0.7131744444558861
157,DimReduct|RFC,"{'DimReduct__n_features': 158, 'RFC__random_state': 2357136044}",205.28877863883972,0.6759360126797433,0.5812199875053501,0.7149096313318364
280,DimReduct|RFC,"{'DimReduct__n_features': 281, 'RFC__random_state': 2357136044}",314.96952362060546,0.6759258956890669,0.5813512310286333,0.7156364497058053
278,DimReduct|RFC,"{'DimReduct__n_features': 279, 'RFC__random_state': 2357136044}",274.3855929374695,0.6759059470484454,0.5800883888705508,0.7146789089763523
263,DimReduct|RFC,"{'DimReduct__n_features': 264, 'RFC__random_state': 2357136044}",294.3998701095581,0.6758960038990305,0.5810628369174591,0.7153036316774922
257,DimReduct|RFC,"{'DimReduct__n_features': 258, 'RFC__random_state': 2357136044}",296.3461075782776,0.6758859401378852,0.5771409702948873,0.7125719594401594
147,DimReduct|RFC,"{'DimReduct__n_features': 148, 'RFC__random_state': 2357136044}",217.87108783721925,0.6758759306570231,0.5783586436677797,0.7131688245352245
176,DimReduct|RFC,"{'DimReduct__n_features': 177, 'RFC__random_state': 2357136044}",237.61616106033324,0.6758159239855301,0.5790969997715311,0.71323062474095
307,DimReduct|RFC,"{'DimReduct__n_features': 308, 'RFC__random_state': 2357136044}",258.34138164520266,0.6758157732532567,0.5800056621769193,0.7138353980241693
230,DimReduct|RFC,"{'DimReduct__n_features': 231, 'RFC__random_state': 2357136044}",282.1493639945984,0.6758156526624791,0.5787757930715146,0.7127991742133848
283,DimReduct|RFC,"{'DimReduct__n_features': 284, 'RFC__random_state': 2357136044}",288.2060465812683,0.6758058240566023,0.5830024121609385,0.7163205273113361
159,DimReduct|RFC,"{'DimReduct__n_features': 160, 'RFC__random_state': 2357136044}",206.09076657295228,0.6757957361878985,0.5776176162460009,0.7120814139924614
211,DimReduct|RFC,"{'DimReduct__n_features': 212, 'RFC__random_state': 2357136044}",256.84557089805605,0.6757957160919548,0.5803719104282663,0.7134747356129514
296,DimReduct|RFC,"{'DimReduct__n_features': 297, 'RFC__random_state': 2357136044}",258.239044380188,0.6757755634538619,0.583317434145828,0.7164657018315828
294,DimReduct|RFC,"{'DimReduct__n_features': 295, 'RFC__random_state': 2357136044}",278.677601146698,0.675725518050937,0.5798281256789858,0.71405802084929
212,DimReduct|RFC,"{'DimReduct__n_features': 213, 'RFC__random_state': 2357136044}",254.84881925582886,0.675725515028422,0.5802418654744377,0.7143136165172147
114,DimReduct|RFC,"{'DimReduct__n_features': 115, 'RFC__random_state': 2357136044}",216.90386719703673,0.6757254557476257,0.5762125894709431,0.7118591468658603
162,DimReduct|RFC,"{'DimReduct__n_features': 163, 'RFC__random_state': 2357136044}",206.37246012687683,0.6757157265965021,0.5782162172813423,0.7125796555223076
311,DimReduct|RFC,"{'DimReduct__n_features': 312, 'RFC__random_state': 2357136044}",257.9372497558594,0.6757155296369884,0.5837983934569654,0.7165514734468325
243,DimReduct|RFC,"{'DimReduct__n_features': 244, 'RFC__random_state': 2357136044}",274.27872786521914,0.6756954323136173,0.5785347337069311,0.7134337710339002
100,DimReduct|RFC,"{'DimReduct__n_features': 101, 'RFC__random_state': 2357136044}",199.24608969688416,0.6756754645867028,0.5791931590135729,0.7136016140654504
300,DimReduct|RFC,"{'DimReduct__n_features': 301, 'RFC__random_state': 2357136044}",257.67832441329955,0.6756653505520503,0.5782141160164478,0.7139446934480237
276,DimReduct|RFC,"{'DimReduct__n_features': 277, 'RFC__random_state': 2357136044}",251.19176731109619,0.6756653274883939,0.5803312562184674,0.7143165570058961
312,DimReduct|RFC,"{'DimReduct__n_features': 313, 'RFC__random_state': 2357136044}",257.9565761566162,0.6756553642047575,0.580747463247689,0.7146319063159217
231,DimReduct|RFC,"{'DimReduct__n_features': 232, 'RFC__random_state': 2357136044}",277.1575556755066,0.6756455175022944,0.5792328510212377,0.7128727784556936
207,DimReduct|RFC,"{'DimReduct__n_features': 208, 'RFC__random_state': 2357136044}",255.9583357334137,0.6756353522817952,0.5797066326076978,0.7135904113641037
223,DimReduct|RFC,"{'DimReduct__n_features': 224, 'RFC__random_state': 2357136044}",254.06537618637086,0.6756353502467728,0.5806924806667861,0.7141310642427777
163,DimReduct|RFC,"{'DimReduct__n_features': 164, 'RFC__random_state': 2357136044}",208.32392272949218,0.6756353120689507,0.5782576855820545,0.713316763097804
122,DimReduct|RFC,"{'DimReduct__n_features': 123, 'RFC__random_state': 2357136044}",205.35001039505005,0.6756253879969606,0.5781448217028725,0.7131187985368348
299,DimReduct|RFC,"{'DimReduct__n_features': 300, 'RFC__random_state': 2357136044}",256.88922729492185,0.6756253467938105,0.5785651436593539,0.7128488519416843
144,DimReduct|RFC,"{'DimReduct__n_features': 145, 'RFC__random_state': 2357136044}",215.2608913421631,0.6756252141466328,0.58046472590309,0.7143948274599664
292,DimReduct|RFC,"{'DimReduct__n_features': 293, 'RFC__random_state': 2357136044}",262.8890215396881,0.6756251508391119,0.5788519926302454,0.7138717240063153
142,DimReduct|RFC,"{'DimReduct__n_features': 143, 'RFC__random_state': 2357136044}",196.53852558135986,0.6756153795227305,0.5789695680199614,0.7133640537574577
226,DimReduct|RFC,"{'DimReduct__n_features': 227, 'RFC__random_state': 2357136044}",273.04512338638307,0.6756152589176518,0.5799403587316088,0.7142605129623546
146,DimReduct|RFC,"{'DimReduct__n_features': 147, 'RFC__random_state': 2357136044}",217.2843698978424,0.6756053610021413,0.5777828219284651,0.7122955463729786
256,DimReduct|RFC,"{'DimReduct__n_features': 257, 'RFC__random_state': 2357136044}",294.1962679862976,0.6755852043441803,0.5775150334430786,0.712821645206961
136,DimReduct|RFC,"{'DimReduct__n_features': 137, 'RFC__random_state': 2357136044}",197.14859018325805,0.6755752209708384,0.5807841250619882,0.7143794615703964
221,DimReduct|RFC,"{'DimReduct__n_features': 222, 'RFC__random_state': 2357136044}",258.75095911026,0.675575215968309,0.5826435212389413,0.7156900726110281
165,DimReduct|RFC,"{'DimReduct__n_features': 166, 'RFC__random_state': 2357136044}",211.91333599090575,0.6755751415781794,0.5763261090624202,0.7122142442260441
281,DimReduct|RFC,"{'DimReduct__n_features': 282, 'RFC__random_state': 2357136044}",313.7010759830475,0.6755550864404133,0.5810156212737316,0.7150954589451768
145,DimReduct|RFC,"{'DimReduct__n_features': 146, 'RFC__random_state': 2357136044}",217.51649899482726,0.675525065015435,0.5791831723173568,0.7136129217299941
106,DimReduct|RFC,"{'DimReduct__n_features': 107, 'RFC__random_state': 2357136044}",150.26444053649902,0.675505195778755,0.5805169951490178,0.7142079130955556
259,DimReduct|RFC,"{'DimReduct__n_features': 260, 'RFC__random_state': 2357136044}",293.7688964366913,0.6755050721701028,0.57759426880209,0.7132067808575788
166,DimReduct|RFC,"{'DimReduct__n_features': 167, 'RFC__random_state': 2357136044}",231.31203317642212,0.6755049475560269,0.5771638877643623,0.7123461352865414
291,DimReduct|RFC,"{'DimReduct__n_features': 292, 'RFC__random_state': 2357136044}",262.9472684383392,0.6755049224301525,0.5780797710466603,0.7131263924352165
285,DimReduct|RFC,"{'DimReduct__n_features': 286, 'RFC__random_state': 2357136044}",299.1864600658417,0.6754747854598414,0.5796260997314826,0.7139783324952493
138,DimReduct|RFC,"{'DimReduct__n_features': 139, 'RFC__random_state': 2357136044}",204.53786458969117,0.6754650161367785,0.5746258636493355,0.7109275363783972
123,DimReduct|RFC,"{'DimReduct__n_features': 124, 'RFC__random_state': 2357136044}",205.93204469680785,0.675455055913123,0.5778137277382547,0.7129391128954683
160,DimReduct|RFC,"{'DimReduct__n_features': 161, 'RFC__random_state': 2357136044}",205.6044674396515,0.6754550056339738,0.5801143836494516,0.7138354640895581
171,DimReduct|RFC,"{'DimReduct__n_features': 172, 'RFC__random_state': 2357136044}",234.73458280563355,0.6754549071697301,0.5784227127269366,0.7131600050659006
266,DimReduct|RFC,"{'DimReduct__n_features': 267, 'RFC__random_state': 2357136044}",294.8552830219269,0.6754548187369388,0.5788833756472735,0.7137858611319939
316,DimReduct|RFC,"{'DimReduct__n_features': 317, 'RFC__random_state': 2357136044}",258.3868446826935,0.6754548126917138,0.5798508614666554,0.7143460982649965
164,DimReduct|RFC,"{'DimReduct__n_features': 165, 'RFC__random_state': 2357136044}",213.0828498840332,0.6754450715393991,0.5806919748759478,0.7150243999986764
261,DimReduct|RFC,"{'DimReduct__n_features': 262, 'RFC__random_state': 2357136044}",293.28064999580386,0.6754349344241702,0.5793618052714098,0.7142513011837324
227,DimReduct|RFC,"{'DimReduct__n_features': 228, 'RFC__random_state': 2357136044}",273.26563396453855,0.6754347092963239,0.5787780881892133,0.7133885072474049
153,DimReduct|RFC,"{'DimReduct__n_features': 154, 'RFC__random_state': 2357136044}",205.03721475601196,0.6754250163708091,0.5794221201641292,0.7130244131800669
239,DimReduct|RFC,"{'DimReduct__n_features': 240, 'RFC__random_state': 2357136044}",273.9646392822266,0.6754147717352863,0.5780132844375055,0.7127252703394694
305,DimReduct|RFC,"{'DimReduct__n_features': 306, 'RFC__random_state': 2357136044}",257.48370518684385,0.6753948019989389,0.5800974495638037,0.7147320415810022
161,DimReduct|RFC,"{'DimReduct__n_features': 162, 'RFC__random_state': 2357136044}",205.80889482498168,0.675374844328858,0.5772339217899262,0.7123245908177219
246,DimReduct|RFC,"{'DimReduct__n_features': 247, 'RFC__random_state': 2357136044}",275.2242102622986,0.6753645845991152,0.5781114394844146,0.712700069644913
252,DimReduct|RFC,"{'DimReduct__n_features': 253, 'RFC__random_state': 2357136044}",275.5443289279938,0.675324560749161,0.578598440333103,0.7132518598913604
282,DimReduct|RFC,"{'DimReduct__n_features': 283, 'RFC__random_state': 2357136044}",271.3453842163086,0.6753244270983769,0.5815360841989072,0.7151211038890077
295,DimReduct|RFC,"{'DimReduct__n_features': 296, 'RFC__random_state': 2357136044}",285.90219869613645,0.6753144980057275,0.57905406817657,0.7132285844600833
242,DimReduct|RFC,"{'DimReduct__n_features': 243, 'RFC__random_state': 2357136044}",273.0801187515259,0.6753144417224544,0.5793405118814314,0.7137757437605176
168,DimReduct|RFC,"{'DimReduct__n_features': 169, 'RFC__random_state': 2357136044}",237.25933179855346,0.675304720653997,0.5773646013537992,0.7120407892764573
206,DimReduct|RFC,"{'DimReduct__n_features': 207, 'RFC__random_state': 2357136044}",255.94093446731569,0.6752945443408149,0.5788507938793204,0.7132032364438936
233,DimReduct|RFC,"{'DimReduct__n_features': 234, 'RFC__random_state': 2357136044}",282.1632647514343,0.6752843881386863,0.5787074678792736,0.713380241886125
284,DimReduct|RFC,"{'DimReduct__n_features': 285, 'RFC__random_state': 2357136044}",281.64173927307127,0.6752643741915856,0.5778172060446296,0.7132467010459453
298,DimReduct|RFC,"{'DimReduct__n_features': 299, 'RFC__random_state': 2357136044}",259.3648792266846,0.675264357108279,0.5798798133527666,0.7143301359039871
286,DimReduct|RFC,"{'DimReduct__n_features': 287, 'RFC__random_state': 2357136044}",284.54230818748476,0.6752443984162599,0.5802266050323254,0.7148140792292362
218,DimReduct|RFC,"{'DimReduct__n_features': 219, 'RFC__random_state': 2357136044}",255.9197437763214,0.6752442024559191,0.5768778181143663,0.7116586864200641
104,DimReduct|RFC,"{'DimReduct__n_features': 105, 'RFC__random_state': 2357136044}",150.5067660331726,0.6752245472741459,0.5802418152858284,0.7142398373590664
241,DimReduct|RFC,"{'DimReduct__n_features': 242, 'RFC__random_state': 2357136044}",273.4695695877075,0.6751941560485779,0.5799866291372349,0.7144445991791437
248,DimReduct|RFC,"{'DimReduct__n_features': 249, 'RFC__random_state': 2357136044}",275.05618410110475,0.6751741863003436,0.5785652331008005,0.713577448709467
121,DimReduct|RFC,"{'DimReduct__n_features': 122, 'RFC__random_state': 2357136044}",203.39326181411744,0.675144263362174,0.5760078904348489,0.711473096987378
219,DimReduct|RFC,"{'DimReduct__n_features': 220, 'RFC__random_state': 2357136044}",254.5893961906433,0.675134225747034,0.5789888706536493,0.7129832061551756
258,DimReduct|RFC,"{'DimReduct__n_features': 259, 'RFC__random_state': 2357136044}",293.20085949897765,0.6750839501951911,0.5804163621715939,0.7144251768739908
120,DimReduct|RFC,"{'DimReduct__n_features': 121, 'RFC__random_state': 2357136044}",206.93178119659424,0.6750740170607058,0.5768884802789854,0.7115884604612814
303,DimReduct|RFC,"{'DimReduct__n_features': 304, 'RFC__random_state': 2357136044}",258.545450925827,0.6750439022028277,0.5798928717146354,0.7142662812497844
149,DimReduct|RFC,"{'DimReduct__n_features': 150, 'RFC__random_state': 2357136044}",230.14592761993407,0.6750338444707884,0.5797572905565505,0.7139652378114011
108,DimReduct|RFC,"{'DimReduct__n_features': 109, 'RFC__random_state': 2357136044}",151.375400018692,0.6750238812133382,0.5758859208610795,0.711728871365468
232,DimReduct|RFC,"{'DimReduct__n_features': 233, 'RFC__random_state': 2357136044}",281.3444272041321,0.675013957140946,0.5783629894169405,0.7128532102127967
141,DimReduct|RFC,"{'DimReduct__n_features': 142, 'RFC__random_state': 2357136044}",196.54818410873412,0.6750038029518792,0.5768330161468457,0.7118321887348638
130,DimReduct|RFC,"{'DimReduct__n_features': 131, 'RFC__random_state': 2357136044}",218.35790839195252,0.6749937231096266,0.5766343309780863,0.7118620901907234
128,DimReduct|RFC,"{'DimReduct__n_features': 129, 'RFC__random_state': 2357136044}",216.05690565109253,0.674973526267632,0.5753654540276039,0.7110750816691949
318,DimReduct|RFC,"{'DimReduct__n_features': 319, 'RFC__random_state': 2357136044}",259.59045057296754,0.6749636635308046,0.581603953078254,0.7153689996811332
275,DimReduct|RFC,"{'DimReduct__n_features': 276, 'RFC__random_state': 2357136044}",257.74141869544985,0.6749435892469092,0.580704956162327,0.7142378255810524
172,DimReduct|RFC,"{'DimReduct__n_features': 173, 'RFC__random_state': 2357136044}",235.23100066184998,0.6749136894326359,0.579556636808235,0.7142119369955265
217,DimReduct|RFC,"{'DimReduct__n_features': 218, 'RFC__random_state': 2357136044}",256.7808074951172,0.6748535712286328,0.5814134003857251,0.7144836660992983
214,DimReduct|RFC,"{'DimReduct__n_features': 215, 'RFC__random_state': 2357136044}",253.3644202709198,0.674853541079276,0.5765039527522289,0.7115915660572514
216,DimReduct|RFC,"{'DimReduct__n_features': 217, 'RFC__random_state': 2357136044}",254.80845441818238,0.674853320984985,0.5783314764480957,0.7127254693234567
99,DimReduct|RFC,"{'DimReduct__n_features': 100, 'RFC__random_state': 2357136044}",153.33572640419007,0.6748435396244613,0.5788909388233009,0.7125886524614873
151,DimReduct|RFC,"{'DimReduct__n_features': 152, 'RFC__random_state': 2357136044}",208.2636739253998,0.6748435034411647,0.5788017257815151,0.7126887548235843
155,DimReduct|RFC,"{'DimReduct__n_features': 156, 'RFC__random_state': 2357136044}",205.8227792739868,0.6748434501820164,0.5771553954537887,0.7117872637038347
297,DimReduct|RFC,"{'DimReduct__n_features': 298, 'RFC__random_state': 2357136044}",259.5527007102966,0.6748333422290568,0.5810748367697705,0.7147985330609282
135,DimReduct|RFC,"{'DimReduct__n_features': 136, 'RFC__random_state': 2357136044}",200.2850450992584,0.6748133986105038,0.57733041315355,0.7120886245053655
317,DimReduct|RFC,"{'DimReduct__n_features': 318, 'RFC__random_state': 2357136044}",258.4346113204956,0.6747833128619047,0.5801125706942665,0.7146801902918842
92,DimReduct|RFC,"{'DimReduct__n_features': 93, 'RFC__random_state': 2357136044}",135.49135508537293,0.6747533356672226,0.5777644322633313,0.7126208949382394
229,DimReduct|RFC,"{'DimReduct__n_features': 230, 'RFC__random_state': 2357136044}",287.493657541275,0.6747530794023293,0.5789974699987994,0.7139159872513912
140,DimReduct|RFC,"{'DimReduct__n_features': 141, 'RFC__random_state': 2357136044}",197.18561310768126,0.6747530602968957,0.578309188159785,0.7130742722722244
137,DimReduct|RFC,"{'DimReduct__n_features': 138, 'RFC__random_state': 2357136044}",198.4653136730194,0.6747433492788295,0.5777180291134677,0.7127497187162449
184,DimReduct|RFC,"{'DimReduct__n_features': 185, 'RFC__random_state': 2357136044}",237.69893012046813,0.6747431251570079,0.5788745184395026,0.7128383162774166
313,DimReduct|RFC,"{'DimReduct__n_features': 314, 'RFC__random_state': 2357136044}",257.74604563713075,0.6747229343672877,0.5803007599411941,0.7139523988551498
133,DimReduct|RFC,"{'DimReduct__n_features': 134, 'RFC__random_state': 2357136044}",215.29913897514342,0.6746829758274384,0.5761676423756633,0.7106538739845965
148,DimReduct|RFC,"{'DimReduct__n_features': 149, 'RFC__random_state': 2357136044}",219.61117587089538,0.6746127737546627,0.5770140072834525,0.7116869337209004
308,DimReduct|RFC,"{'DimReduct__n_features': 309, 'RFC__random_state': 2357136044}",259.73040294647217,0.6746028446491168,0.5786635992344319,0.7130521383832317
222,DimReduct|RFC,"{'DimReduct__n_features': 223, 'RFC__random_state': 2357136044}",254.70399723052978,0.6745725719980387,0.5772146249683149,0.712346232551911
96,DimReduct|RFC,"{'DimReduct__n_features': 97, 'RFC__random_state': 2357136044}",136.02367553710937,0.6745626660167875,0.5798722414198166,0.7141255222689086
102,DimReduct|RFC,"{'DimReduct__n_features': 103, 'RFC__random_state': 2357136044}",152.99802360534667,0.6745425123758956,0.5767096655442134,0.7120236191200314
107,DimReduct|RFC,"{'DimReduct__n_features': 108, 'RFC__random_state': 2357136044}",150.3643612384796,0.6745126868961504,0.5791059442072456,0.7129024162036085
109,DimReduct|RFC,"{'DimReduct__n_features': 110, 'RFC__random_state': 2357136044}",151.90698504447937,0.6744725846615763,0.5782296469027471,0.7128576846032886
309,DimReduct|RFC,"{'DimReduct__n_features': 310, 'RFC__random_state': 2357136044}",259.99775805473325,0.6744625138824245,0.5782172375745029,0.7133572228990601
110,DimReduct|RFC,"{'DimReduct__n_features': 111, 'RFC__random_state': 2357136044}",152.0098340511322,0.6744525948226332,0.5764528554092627,0.7120340869871725
319,DimReduct|RFC,"{'DimReduct__n_features': 320, 'RFC__random_state': 2357136044}",241.17314114570618,0.6744224256862816,0.5781876457150622,0.7126556748422661
116,DimReduct|RFC,"{'DimReduct__n_features': 117, 'RFC__random_state': 2357136044}",187.63279271125793,0.6744023715329837,0.5768138895614009,0.7113038764362656
213,DimReduct|RFC,"{'DimReduct__n_features': 214, 'RFC__random_state': 2357136044}",255.4113609790802,0.674352244713256,0.5785510107255142,0.7129972541909967
91,DimReduct|RFC,"{'DimReduct__n_features': 92, 'RFC__random_state': 2357136044}",140.23706502914428,0.6743121997309076,0.5747256773873748,0.7112373859979398
129,DimReduct|RFC,"{'DimReduct__n_features': 130, 'RFC__random_state': 2357136044}",222.46357502937317,0.6743120228612931,0.5768501603610476,0.7121644973705633
94,DimReduct|RFC,"{'DimReduct__n_features': 95, 'RFC__random_state': 2357136044}",136.11477994918823,0.674302233461023,0.577774016954043,0.7121249279944853
118,DimReduct|RFC,"{'DimReduct__n_features': 119, 'RFC__random_state': 2357136044}",187.0375732421875,0.6742622668552366,0.5761436159033231,0.7113085763912179
314,DimReduct|RFC,"{'DimReduct__n_features': 315, 'RFC__random_state': 2357136044}",257.0617449760437,0.6742620698777888,0.578803477834428,0.7133245745051235
93,DimReduct|RFC,"{'DimReduct__n_features': 94, 'RFC__random_state': 2357136044}",135.22707147598265,0.6742520041539526,0.5779176013305338,0.7121133729973828
119,DimReduct|RFC,"{'DimReduct__n_features': 120, 'RFC__random_state': 2357136044}",188.8446196079254,0.6742319901758205,0.5761778581187371,0.710836674309309
103,DimReduct|RFC,"{'DimReduct__n_features': 104, 'RFC__random_state': 2357136044}",151.58583688735962,0.6742318313967466,0.579320327978239,0.7133234851844051
127,DimReduct|RFC,"{'DimReduct__n_features': 128, 'RFC__random_state': 2357136044}",214.29907684326173,0.6742118466213805,0.5765021768521483,0.7119763126673173
125,DimReduct|RFC,"{'DimReduct__n_features': 126, 'RFC__random_state': 2357136044}",1260.9669748306274,0.6741216466554077,0.5764345605118001,0.7112718053177922
306,DimReduct|RFC,"{'DimReduct__n_features': 307, 'RFC__random_state': 2357136044}",258.039350271225,0.6740714876799123,0.5796522717969058,0.7135296518813721
156,DimReduct|RFC,"{'DimReduct__n_features': 157, 'RFC__random_state': 2357136044}",205.32087149620057,0.6740614922693158,0.5754524264637372,0.7105285226871348
131,DimReduct|RFC,"{'DimReduct__n_features': 132, 'RFC__random_state': 2357136044}",217.7011580467224,0.6740512104388247,0.5781105050730038,0.7124701319649998
113,DimReduct|RFC,"{'DimReduct__n_features': 114, 'RFC__random_state': 2357136044}",204.30586647987366,0.674041511473932,0.5777840635178367,0.712479894599037
101,DimReduct|RFC,"{'DimReduct__n_features': 102, 'RFC__random_state': 2357136044}",152.69586715698242,0.6739612285843024,0.5775758718702414,0.7119981317451225
95,DimReduct|RFC,"{'DimReduct__n_features': 96, 'RFC__random_state': 2357136044}",136.14454627037048,0.673921221791666,0.5762781492345704,0.7112937465456016
112,DimReduct|RFC,"{'DimReduct__n_features': 113, 'RFC__random_state': 2357136044}",153.7071457386017,0.673850988551815,0.5773741167847539,0.711570978459035
90,DimReduct|RFC,"{'DimReduct__n_features': 91, 'RFC__random_state': 2357136044}",138.3931691646576,0.6737507519974771,0.5762758650715523,0.7111183245977657
117,DimReduct|RFC,"{'DimReduct__n_features': 118, 'RFC__random_state': 2357136044}",190.62083535194398,0.6736804524662791,0.5761097277283952,0.7110379970188323
84,DimReduct|RFC,"{'DimReduct__n_features': 85, 'RFC__random_state': 2357136044}",166.29534425735474,0.6736203603569018,0.5743816706975162,0.7105028184316106
76,DimReduct|RFC,"{'DimReduct__n_features': 77, 'RFC__random_state': 2357136044}",156.43736362457275,0.6735802329863798,0.5765120643175206,0.7109560049311258
115,DimReduct|RFC,"{'DimReduct__n_features': 116, 'RFC__random_state': 2357136044}",208.62505736351014,0.6735704013638341,0.5761779332152537,0.7117639146599406
98,DimReduct|RFC,"{'DimReduct__n_features': 99, 'RFC__random_state': 2357136044}",136.48472766876222,0.6735703310304493,0.5771913321924729,0.7121858682441813
124,DimReduct|RFC,"{'DimReduct__n_features': 125, 'RFC__random_state': 2357136044}",558.4487449169159,0.6735102549878732,0.5781103220380038,0.7126732862607905
132,DimReduct|RFC,"{'DimReduct__n_features': 133, 'RFC__random_state': 2357136044}",197.69899249076843,0.673500184215372,0.5767096197220587,0.7113683822998287
126,DimReduct|RFC,"{'DimReduct__n_features': 127, 'RFC__random_state': 2357136044}",236.06896071434022,0.6734000783219456,0.5784097434828639,0.7126608902217186
86,DimReduct|RFC,"{'DimReduct__n_features': 87, 'RFC__random_state': 2357136044}",144.4478268623352,0.6733899693168182,0.5758304048616408,0.7111006372678899
97,DimReduct|RFC,"{'DimReduct__n_features': 98, 'RFC__random_state': 2357136044}",137.0128800868988,0.6733898417025924,0.5765557943419413,0.7113680265270839
134,DimReduct|RFC,"{'DimReduct__n_features': 135, 'RFC__random_state': 2357136044}",218.68976159095763,0.6733296712158522,0.5757773221057205,0.7113376500325793
111,DimReduct|RFC,"{'DimReduct__n_features': 112, 'RFC__random_state': 2357136044}",151.51441378593444,0.6733295496224718,0.575959567982606,0.7108874424769634
81,DimReduct|RFC,"{'DimReduct__n_features': 82, 'RFC__random_state': 2357136044}",152.96548290252684,0.6732395154938764,0.5781033275281356,0.7126908102927999
89,DimReduct|RFC,"{'DimReduct__n_features': 90, 'RFC__random_state': 2357136044}",147.75270380973816,0.6731993800652725,0.5760939671315997,0.7112032543294091
72,DimReduct|RFC,"{'DimReduct__n_features': 73, 'RFC__random_state': 2357136044}",139.47312636375426,0.6731491477103064,0.5784660215846427,0.7124180734770938
87,DimReduct|RFC,"{'DimReduct__n_features': 88, 'RFC__random_state': 2357136044}",137.00649042129515,0.6729388510383725,0.5783708922128674,0.71244231337137
83,DimReduct|RFC,"{'DimReduct__n_features': 84, 'RFC__random_state': 2357136044}",163.0141372680664,0.6728987146025344,0.5779910889939763,0.712128356788208
59,DimReduct|RFC,"{'DimReduct__n_features': 60, 'RFC__random_state': 2357136044}",126.12703256607055,0.6728887372633388,0.5753438037369507,0.7102524745222295
80,DimReduct|RFC,"{'DimReduct__n_features': 81, 'RFC__random_state': 2357136044}",143.58659229278564,0.6726880159411982,0.5757970155083811,0.7110598269060705
63,DimReduct|RFC,"{'DimReduct__n_features': 64, 'RFC__random_state': 2357136044}",146.09657311439514,0.6726380147431859,0.5755888745782666,0.7103975327239559
82,DimReduct|RFC,"{'DimReduct__n_features': 83, 'RFC__random_state': 2357136044}",174.77418637275696,0.6726080234492307,0.5785831880483266,0.7126502721122325
71,DimReduct|RFC,"{'DimReduct__n_features': 72, 'RFC__random_state': 2357136044}",124.81572690010071,0.6725978401184468,0.5765041696115,0.7114930140764528
88,DimReduct|RFC,"{'DimReduct__n_features': 89, 'RFC__random_state': 2357136044}",153.7778748512268,0.6724877226889882,0.5768431626139117,0.7116555980896879
75,DimReduct|RFC,"{'DimReduct__n_features': 76, 'RFC__random_state': 2357136044}",144.19500827789307,0.6724675650713383,0.579811854848612,0.7133845206864613
69,DimReduct|RFC,"{'DimReduct__n_features': 70, 'RFC__random_state': 2357136044}",123.51121678352357,0.6724275271241237,0.5767577978079242,0.7116506498483146
68,DimReduct|RFC,"{'DimReduct__n_features': 69, 'RFC__random_state': 2357136044}",124.26353816986084,0.6723072725756065,0.5748662516524325,0.710019825566538
74,DimReduct|RFC,"{'DimReduct__n_features': 75, 'RFC__random_state': 2357136044}",155.92387647628783,0.6722268992485881,0.5759705244012252,0.7116022140278723
64,DimReduct|RFC,"{'DimReduct__n_features': 65, 'RFC__random_state': 2357136044}",133.5505154132843,0.6720367019197384,0.5752376513975498,0.7102027672015546
85,DimReduct|RFC,"{'DimReduct__n_features': 86, 'RFC__random_state': 2357136044}",173.00212593078612,0.6720266160520053,0.5796873767041155,0.7136042520691653
67,DimReduct|RFC,"{'DimReduct__n_features': 68, 'RFC__random_state': 2357136044}",124.14655742645263,0.6719664405313007,0.5757360341780531,0.7107804685185679
70,DimReduct|RFC,"{'DimReduct__n_features': 71, 'RFC__random_state': 2357136044}",123.1184066772461,0.6719363196259802,0.5757858555623304,0.7108099574263755
65,DimReduct|RFC,"{'DimReduct__n_features': 66, 'RFC__random_state': 2357136044}",126.74324779510498,0.6719262930600012,0.5757857238284512,0.7114221251425656
60,DimReduct|RFC,"{'DimReduct__n_features': 61, 'RFC__random_state': 2357136044}",119.41968040466308,0.6718861355501973,0.5721415926568759,0.7084631585530927
73,DimReduct|RFC,"{'DimReduct__n_features': 74, 'RFC__random_state': 2357136044}",144.29976410865783,0.6716655941984181,0.5736041078332783,0.7102079930598182
66,DimReduct|RFC,"{'DimReduct__n_features': 67, 'RFC__random_state': 2357136044}",134.52558784484864,0.6716156412421126,0.5764611533966704,0.7115034512767322
78,DimReduct|RFC,"{'DimReduct__n_features': 79, 'RFC__random_state': 2357136044}",147.97228717803955,0.6714852214400566,0.5757028203243697,0.7104570106217966
77,DimReduct|RFC,"{'DimReduct__n_features': 78, 'RFC__random_state': 2357136044}",156.28167281150817,0.6714752873376245,0.5742386179892165,0.7096574061362235
58,DimReduct|RFC,"{'DimReduct__n_features': 59, 'RFC__random_state': 2357136044}",120.99883222579956,0.671314992848376,0.5733635856926325,0.709184463289772
56,DimReduct|RFC,"{'DimReduct__n_features': 57, 'RFC__random_state': 2357136044}",115.6245731830597,0.6711643390417963,0.5738956512613396,0.7098624495216642
50,DimReduct|RFC,"{'DimReduct__n_features': 51, 'RFC__random_state': 2357136044}",109.6204161643982,0.6711444356493851,0.5739439378566311,0.7088165154296494
62,DimReduct|RFC,"{'DimReduct__n_features': 63, 'RFC__random_state': 2357136044}",110.45567798614502,0.6709940531817737,0.5746221559005689,0.7101164193220864
53,DimReduct|RFC,"{'DimReduct__n_features': 54, 'RFC__random_state': 2357136044}",107.99633679389953,0.670943960516567,0.5740479799811421,0.7093719703013676
57,DimReduct|RFC,"{'DimReduct__n_features': 58, 'RFC__random_state': 2357136044}",110.27070097923279,0.6709139832944848,0.5740684003115045,0.7096175824029181
55,DimReduct|RFC,"{'DimReduct__n_features': 56, 'RFC__random_state': 2357136044}",108.37499179840088,0.6707734525479838,0.5742293703481574,0.7100651163105629
54,DimReduct|RFC,"{'DimReduct__n_features': 55, 'RFC__random_state': 2357136044}",107.64033694267273,0.670763399831367,0.5739377491674256,0.7100672081581235
79,DimReduct|RFC,"{'DimReduct__n_features': 80, 'RFC__random_state': 2357136044}",152.66051778793334,0.6707533802862148,0.574640040902308,0.7107278609422447
52,DimReduct|RFC,"{'DimReduct__n_features': 53, 'RFC__random_state': 2357136044}",108.50136680603028,0.6707034383933781,0.5751194686852388,0.7102401550045307
46,DimReduct|RFC,"{'DimReduct__n_features': 47, 'RFC__random_state': 2357136044}",92.28376426696778,0.6705329605636755,0.5702070747778645,0.7064595652097736
49,DimReduct|RFC,"{'DimReduct__n_features': 50, 'RFC__random_state': 2357136044}",112.44249753952026,0.6704125643518283,0.5738870402227875,0.7096058498187943
51,DimReduct|RFC,"{'DimReduct__n_features': 52, 'RFC__random_state': 2357136044}",112.68253283500671,0.670272373255756,0.5770067042267917,0.7110063110969663
48,DimReduct|RFC,"{'DimReduct__n_features': 49, 'RFC__random_state': 2357136044}",111.51446256637573,0.6702722878114253,0.5754272094878203,0.7104923281656599
61,DimReduct|RFC,"{'DimReduct__n_features': 62, 'RFC__random_state': 2357136044}",110.76051359176635,0.6699515199893462,0.5723408906725472,0.7089893666052685
47,DimReduct|RFC,"{'DimReduct__n_features': 48, 'RFC__random_state': 2357136044}",93.91602878570556,0.6694802229386928,0.5745932623174455,0.7094092417254666
44,DimReduct|RFC,"{'DimReduct__n_features': 45, 'RFC__random_state': 2357136044}",92.33765120506287,0.6689390162678864,0.5716383174140958,0.7076747371777551
45,DimReduct|RFC,"{'DimReduct__n_features': 46, 'RFC__random_state': 2357136044}",92.7217574596405,0.6687283990179116,0.5705363252402138,0.7072138860555854
43,DimReduct|RFC,"{'DimReduct__n_features': 44, 'RFC__random_state': 2357136044}",95.15369663238525,0.6685580437997038,0.5728277122014351,0.7085660992920105
42,DimReduct|RFC,"{'DimReduct__n_features': 43, 'RFC__random_state': 2357136044}",91.4009699344635,0.6682372829980456,0.5718032044235215,0.7079965610598598
40,DimReduct|RFC,"{'DimReduct__n_features': 41, 'RFC__random_state': 2357136044}",92.26994876861572,0.6667435742602357,0.571469344501979,0.7078781585739253
39,DimReduct|RFC,"{'DimReduct__n_features': 40, 'RFC__random_state': 2357136044}",92.27606315612793,0.6663126487769183,0.5710982786473613,0.7069941478142998
38,DimReduct|RFC,"{'DimReduct__n_features': 39, 'RFC__random_state': 2357136044}",93.89768404960633,0.6659416686931958,0.5700508241547123,0.7059474387473337
41,DimReduct|RFC,"{'DimReduct__n_features': 42, 'RFC__random_state': 2357136044}",91.46581463813781,0.6659115538399443,0.5697090132506919,0.7058425140247069
37,DimReduct|RFC,"{'DimReduct__n_features': 38, 'RFC__random_state': 2357136044}",97.33069548606872,0.6633252926016132,0.5656980380917818,0.7035803018422053
36,DimReduct|RFC,"{'DimReduct__n_features': 37, 'RFC__random_state': 2357136044}",93.28287916183471,0.6621624707397945,0.5622350133356562,0.701244329585663
35,DimReduct|RFC,"{'DimReduct__n_features': 36, 'RFC__random_state': 2357136044}",92.75741453170777,0.6612300680400512,0.562469510327118,0.7011328866347386
34,DimReduct|RFC,"{'DimReduct__n_features': 35, 'RFC__random_state': 2357136044}",84.69959115982056,0.6599169732407507,0.5615319177272828,0.7004591637164665
33,DimReduct|RFC,"{'DimReduct__n_features': 34, 'RFC__random_state': 2357136044}",78.86250348091126,0.6578219335875457,0.561930652754482,0.7007132711878914
32,DimReduct|RFC,"{'DimReduct__n_features': 33, 'RFC__random_state': 2357136044}",79.81637077331543,0.6564685184621629,0.5585006015364711,0.6987300585925457
30,DimReduct|RFC,"{'DimReduct__n_features': 31, 'RFC__random_state': 2357136044}",78.1403549671173,0.655125148969107,0.5578719547013501,0.6977838545628371
25,DimReduct|RFC,"{'DimReduct__n_features': 26, 'RFC__random_state': 2357136044}",77.18439517021179,0.6547140796761615,0.5583318147240474,0.6986636460367249
26,DimReduct|RFC,"{'DimReduct__n_features': 27, 'RFC__random_state': 2357136044}",76.58045663833619,0.6546239370244689,0.5588120353259576,0.698816657975646
31,DimReduct|RFC,"{'DimReduct__n_features': 32, 'RFC__random_state': 2357136044}",77.58675875663758,0.6544633832750126,0.5580389418360883,0.6971809567410718
29,DimReduct|RFC,"{'DimReduct__n_features': 30, 'RFC__random_state': 2357136044}",79.92332491874694,0.6543432292479259,0.5588469027662035,0.6987438951562913
27,DimReduct|RFC,"{'DimReduct__n_features': 28, 'RFC__random_state': 2357136044}",76.3023295879364,0.6536514441209629,0.5574052821043952,0.6973843918282878
24,DimReduct|RFC,"{'DimReduct__n_features': 25, 'RFC__random_state': 2357136044}",77.89600219726563,0.6531102022761096,0.5555926315004707,0.6962669877541561
28,DimReduct|RFC,"{'DimReduct__n_features': 29, 'RFC__random_state': 2357136044}",76.45111455917359,0.6523782817420976,0.5573845869150673,0.6972235166051315
23,DimReduct|RFC,"{'DimReduct__n_features': 24, 'RFC__random_state': 2357136044}",68.85986199378968,0.6513758488286059,0.5551091611975819,0.6958638755132414
22,DimReduct|RFC,"{'DimReduct__n_features': 23, 'RFC__random_state': 2357136044}",65.71874961853027,0.6487392980004072,0.551055217647698,0.6928377871675505
21,DimReduct|RFC,"{'DimReduct__n_features': 22, 'RFC__random_state': 2357136044}",65.31641960144043,0.6474963339016275,0.5520203074729872,0.6937303325512966
20,DimReduct|RFC,"{'DimReduct__n_features': 21, 'RFC__random_state': 2357136044}",65.80103049278259,0.6468247175043398,0.5526804694174631,0.6947660092535861
18,DimReduct|RFC,"{'DimReduct__n_features': 19, 'RFC__random_state': 2357136044}",78.34310569763184,0.6455515973400959,0.5512652510032003,0.6931663699937255
19,DimReduct|RFC,"{'DimReduct__n_features': 20, 'RFC__random_state': 2357136044}",92.62405443191528,0.6451305637883106,0.5497855708970429,0.6927380731501729
17,DimReduct|RFC,"{'DimReduct__n_features': 18, 'RFC__random_state': 2357136044}",80.65405492782592,0.6439678162690744,0.5471388689841724,0.6910453753197577
16,DimReduct|RFC,"{'DimReduct__n_features': 17, 'RFC__random_state': 2357136044}",67.49092288017273,0.6410806484271475,0.5484012171480594,0.6911695270149427
15,DimReduct|RFC,"{'DimReduct__n_features': 16, 'RFC__random_state': 2357136044}",67.75999083518983,0.6325598263769255,0.5415071268044286,0.6865329109579404
14,DimReduct|RFC,"{'DimReduct__n_features': 15, 'RFC__random_state': 2357136044}",53.075659370422365,0.6313270607114159,0.5361121620772542,0.6825256755768806
13,DimReduct|RFC,"{'DimReduct__n_features': 14, 'RFC__random_state': 2357136044}",57.429543781280515,0.6253021833344435,0.5246593444170855,0.6739771147233299
12,DimReduct|RFC,"{'DimReduct__n_features': 13, 'RFC__random_state': 2357136044}",53.37406907081604,0.6230767168740685,0.5186172608870344,0.6710112728388923
11,DimReduct|RFC,"{'DimReduct__n_features': 12, 'RFC__random_state': 2357136044}",51.550169229507446,0.6147761919645088,0.5121871645446014,0.6663517900498005
10,DimReduct|RFC,"{'DimReduct__n_features': 11, 'RFC__random_state': 2357136044}",51.06472401618957,0.6136235232772691,0.5127055813723065,0.6661083356633061
9,DimReduct|RFC,"{'DimReduct__n_features': 10, 'RFC__random_state': 2357136044}",52.35047574043274,0.6047518406149858,0.503006218821054,0.6595163799268752
8,DimReduct|RFC,"{'DimReduct__n_features': 9, 'RFC__random_state': 2357136044}",52.45968747138977,0.6000604076687678,0.5014173387032506,0.6581488872369492
7,DimReduct|RFC,"{'DimReduct__n_features': 8, 'RFC__random_state': 2357136044}",39.57091445922852,0.5877101613249766,0.468300734508411,0.6330829337053752
6,DimReduct|RFC,"{'DimReduct__n_features': 7, 'RFC__random_state': 2357136044}",40.56268744468689,0.5761720068914572,0.4600196876087745,0.627136490134925
5,DimReduct|RFC,"{'DimReduct__n_features': 6, 'RFC__random_state': 2357136044}",41.58858947753906,0.551701632959614,0.44439313547437465,0.6156195446465045
4,DimReduct|RFC,"{'DimReduct__n_features': 5, 'RFC__random_state': 2357136044}",42.0134783744812,0.5346399075989768,0.4161817312083995,0.5957054306444564
3,DimReduct|RFC,"{'DimReduct__n_features': 4, 'RFC__random_state': 2357136044}",43.44305205345154,0.48693273432631984,0.36184213625522976,0.5506624174993373
2,DimReduct|RFC,"{'DimReduct__n_features': 3, 'RFC__random_state': 2357136044}",26.301031017303465,0.44245364436612994,0.2969863426453225,0.5000680816883125
1,DimReduct|RFC,"{'DimReduct__n_features': 2, 'RFC__random_state': 2357136044}",32.66470637321472,0.36740028945844583,0.17058714614851972,0.39098656873711973
0,DimReduct|RFC,"{'DimReduct__n_features': 1, 'RFC__random_state': 2357136044}",49.06861352920532,0.2774196053895802,0.13658163244167543,0.3496323126173352
